{
  "train_loop_config": {
    "layer_size": 45,
    "lr": 1.0459247902271407e-06,
    "weight_decay_coefficient": 1.0797944132909012e-06
  }
}