{
  "train_loop_config": {
    "layer_size": 46,
    "lr": 1.0127807472523133e-06,
    "weight_decay_coefficient": 1.0178902304877546e-06
  }
}